7884bc200549d803aca5b32b8d2a343f;Bootstrap.php
6d4e319660e204d248680d961d676fb4;Plugins.php
7d2b8f3aa3cf84866ef8b949107a5f3d;account/address_form.tpl
c48208cd25ffe91d1aa65d37958e0068;account/change_password.tpl
ab9c586c1bb643d439e4329106c07263;account/delete_account.tpl
c2165bdd3998eed0cb909b3928877d8d;account/downloads.tpl
3950f348d2b5212d318429d4e30507e2;account/feedback.tpl
d55e93313d30866ad760ea27dae8651d;account/index.tpl
f99a5155f80bb38e1f6c5388442e6931;account/login.tpl
bb0e4122f094fb41e944f122631d0ae6;account/my_account.tpl
cdbe2334adf2bb0bcc448bd128150d6f;account/order_details.tpl
c8063aba87c89afdfd7991c9dda75b67;account/order_item.tpl
d0180203103c89d7b34bd0f7012ef43f;account/orders.tpl
925c35f5ed9165e17bbf403e635532cc;account/password.tpl
6f07d86f3228cfbfd54bfeebee44c56c;account/retrospective_payment.tpl
d36a6d3172ed83dce88cd41b5401aa9f;account/returnaddress/form_option.tpl
ce814dca11863ea21846d722327a943a;account/rma.tpl
22037cac8100972e3f6eb2aef001ed9d;account/rma_itemlist.tpl
8a742bbe23c3ee79b6c6ae1217dde41d;account/rma_list.tpl
cf7a4d6e1303d2fe21e45451363bfba7;account/rma_summary.tpl
a122ebdb00033c12a4bce72b407e974b;account/rma_table.tpl
8b23b410e1a211f022db32e9a63b53a1;account/shipping_address_form.tpl
294ee114ff620184e645375a3d80d072;account/two_fa.tpl
6749bb2df120d9463892c14f6b7a01dc;account/uploads.tpl
4ca6bbc91f6779ad090fbd5d13746681;basket/cart_dropdown.tpl
bd6322ab85605a5eba01da5d5c1d9746;basket/cart_dropdown_label.tpl
95c002fe4a4fe5706598cb3f3358eb64;basket/cart_items.tpl
eea235999183c7088a27c6a456e3c18a;basket/freegift_hint.tpl
2b12fbd16f2e8cc735c5e1ffc4cf47a9;basket/index.tpl
18d1f3cc604b11d0b44d635ca037b24d;blog/details.tpl
180f316fb6c39ab96eb788bcdfbab436;blog/index.tpl
2b41983538177757fbbd3645f5f13cce;blog/overview.tpl
2028578b439b5f12a0b6cc4cb034963d;blog/preview.tpl
df71a4ee4f3618c83560adfc5635960d;boxes/box_basket.tpl
55b8f697ffe11973d53720aae883532e;boxes/box_bestseller.tpl
60704cc3ef9ef9d55043a088ee478e3d;boxes/box_categories.tpl
2f481adb23738a19a3d7f10bab3f4887;boxes/box_coming_soon.tpl
1de1d5cd50830faca6bf4085e29227cb;boxes/box_comparelist.tpl
5afeee55de98da6fb510233f482bf0ff;boxes/box_container.tpl
84f77de501afcbe8e513bbc76269fc49;boxes/box_custom.tpl
ef109500d28c53549971b1f52194254b;boxes/box_custom_empty.tpl
64ac51456571cc2af385cd0c7d49a6b5;boxes/box_direct_purchase.tpl
d6922ec98dd6e2e3e186da11efadbe69;boxes/box_filter_availability.tpl
af461408bd45d28b419ab3f5c38f71a9;boxes/box_filter_category.tpl
702393072052364976f6ddcb9551d134;boxes/box_filter_characteristics.tpl
bbab5f35eeec6dfa3acaae0ae4183b5a;boxes/box_filter_manufacturer.tpl
448d8dcceb636a4f43fdb121065cf8b3;boxes/box_filter_pricerange.tpl
1312e73b37b141f164b1ae6ad2a824df;boxes/box_filter_rating.tpl
86fae5f3c42b6b54644298e8a4c163a2;boxes/box_filter_search.tpl
0d24e244b2ce8114aae1c1d634d644ad;boxes/box_filter_search_special.tpl
695b20c93006b33d0bd15c3e1ca955f1;boxes/box_last_seen.tpl
00ad88a76abe6980d89ebfdaecc52413;boxes/box_linkgroups.tpl
f4002666ef999fc2079b30d1479433fb;boxes/box_login.tpl
2e0556f45f6344a2ed0e7b276e2b863c;boxes/box_manufacturers.tpl
ca5bf7169a95c3e124de053cce8e80d6;boxes/box_new_in_stock.tpl
a014a5a7c3263baaa7f133d497f29a3f;boxes/box_news_categories.tpl
e15a8c97480bb191893603a924ccc425;boxes/box_news_month.tpl
60cdbc1a0e027818e55ffdec1c7584f0;boxes/box_search_cloud.tpl
fdc5538b9e30b56ecaa74af91634dc76;boxes/box_special_offer.tpl
73042e941264f227b7cf556f8fe7a8c8;boxes/box_top_offer.tpl
a1fd867e8525077b84805057ee399335;boxes/box_top_rated.tpl
cae3d6c4bd8a388a8c008299d6c4d27e;boxes/box_wishlist.tpl
880db192aaf67998c753757062cc3913;checkout/coupon_form.tpl
e486964a04f18fa4cfa12a98175941c9;checkout/credit_form.tpl
8fb44a7bd69a33b2c69d1a2c8dde229f;checkout/customer_shipping_address.tpl
e8a4762278d19d591a327c7767a0b139;checkout/customer_shipping_contact.tpl
06020be8f3f5b7d18222dd8308ef972e;checkout/inc_billing_address.tpl
1031f43098b9ee57b6e40dbd8f464828;checkout/inc_billing_address_form.tpl
1df1183d3a3950cede5b941ef1a07535;checkout/inc_delivery_address.tpl
b4a743e82adb300d45bfb81d02a7446a;checkout/inc_order_completed.tpl
acff1dc828ec3a649e195b4469d472c5;checkout/inc_order_items.tpl
7c61a3c6c91284ddc686fdee72fd5070;checkout/inc_payment_methods.tpl
4c16f2d985bcb18de9da72877ac28eff;checkout/inc_paymentmodules.tpl
ddeeacb34a7b34a5d21c26594bb986f6;checkout/inc_shipping_address.tpl
8682daf83627e2530c9bfdfcb0ad1dae;checkout/inc_steps.tpl
4483e7c18c28ad0eb7a97ed487f91cff;checkout/index.tpl
6f07d86f3228cfbfd54bfeebee44c56c;checkout/modules/creditcard.tpl
7a3814cd506bad4cbfc4ff5c12eb6224;checkout/modules/direct_debit.tpl
67390ecb6a972f7f355b4e594a01147c;checkout/modules/paypal/bestellabschluss.tpl
4067f0a8c0ced5ed9d7b1b08a6681874;checkout/order_completed.tpl
3633e9b0a0b9747defbb7c03b68ec0c6;checkout/step0_login_or_register.tpl
c14e75df24bc9fec5b0f250a9f9a73d0;checkout/step1_edit_customer_address.tpl
56aeb3eba44142570ac4c0be1ac70fc6;checkout/step3_shipping_options.tpl
3918697ea18794235c08f66491263034;checkout/step4_payment_additional.tpl
fb98ebc2d4032e5631651c3c78148000;checkout/step4_payment_options.tpl
e3efb447fce91199724912c998c5dbaf;checkout/step5_confirmation.tpl
bbcb3b653dd83209db0e44f7e87675e5;checkout/step6_init_payment.tpl
2c6d1687a856882b31a1dbd9b4e67196;comparelist/index.tpl
363d0ed8f25b3190b07b88cc30618875;contact/index.tpl
520b80cf7c3a14651c370bc392fc509f;favicon/favicon-default.ico
5764544e3c950ab41698e4b37c61cbce;images/overlay/original/overlay_1_1.png
0fc4137a4549cc0d21da373fedcc0810;images/overlay/original/overlay_1_2.png
2805346a1f8ba8500f5d8e7be60c7cd5;images/overlay/original/overlay_1_3.png
4d75a6738294b65d6a9ac5ba9a19c807;images/overlay/original/overlay_1_4.png
81aeab85632903ed8a0307325a167740;images/overlay/original/overlay_1_5.png
bb912279b064c69c6703d6bef4be28fe;images/overlay/original/overlay_1_6.png
1f418e20773d804969f5f7a59ae547af;images/overlay/original/overlay_1_7.png
6aad65e2db94fe45492c58443070b214;images/overlay/original/overlay_1_8.png
f94e2a67c4bc029286aabd5ec31e53fb;images/overlay/original/overlay_1_9.png
cfa80ef7e1ae41b499f5e836109dccb5;js/Chart.bundle.js
86cc8cd0eb5d5a2b42c1fa46b922d338;js/Chart.bundle.min.js
436949b966e76c2816b038a00b71109f;js/DataTables/datatables.min.js
b0835101493d528611cea6a82231178d;js/app/app.js
50557359eb701db850629de17c2f2a87;js/app/globals.js
5ba590e3f0c4a47b0bda923656ca5329;js/app/helpers.js
30544e017b01cb45ee22b20ca81b853d;js/app/plugins/navscrollbar.js
b7e0438f9171f02d00a63a787aab8ff5;js/app/plugins/tabdrop.js
5dff859a4fc28a3ce39cfe2ca6979629;js/app/snippets/form-counter.js
1df086ff07d9f838cd91aaf2c0e784f8;js/app/views/header.js
f3925908c8800458ea074ad459eeaa1a;js/app/views/productdetails.js
b01896a67b45d9adaf05a624da8e7253;js/bootstrap-select.js
e5d2079f6611fae0a8693533b62947b2;js/bootstrap-select.js.map
3a7fa5da04cf747fa04aa1ec8d2c2794;js/bootstrap-select.min.js
6383392ca3ed74ba1b0495e1f7fb167f;js/bootstrap-select.min.js.map
a2262bf08a2211be78a5faff0d800310;js/bootstrap-toolkit.js
5ae532666f4d22a7a52ab1d29f6966a8;js/bootstrap.bundle.js
1b1f996be054c91ac7107270ba85d2ba;js/bootstrap.bundle.js.map
a0805bca912ec901f2a7096228b62d46;js/bootstrap.bundle.min.js
f2e9c0dc88195b705c1a3c1d719ff707;js/bootstrap.bundle.min.js.map
1894cda22ea76937ce1c00ed108637d1;js/bootstrap.js
5420cacd4c277149bdb58e2db7b5ef73;js/bootstrap.js.map
2a753de0369d13becc9649fc48f55535;js/bootstrap.min.js
571cae92b86f5bda20a32094557cba77;js/bootstrap.min.js.map
85a4d9114f41a7e9b53c955b8e827e47;js/colcade.js
af2ab717c47576760f1b3ab9349afe00;js/consent.js
0b22f48d67a2f87964ec1b7b43c2d4a3;js/consent.youtube.js
4160f80800fbe4de9b6b271bc2d912bd;js/custom.js
10e0e3041a90e1b69021798241506a19;js/eModal.js
12dc1e020fcb41cea5346e7da0c6d1d9;js/eModal.min.js
95e6011a174a6a2fdcf28630caff40c6;js/fileinput/fileinput.min.js
17de3afd8b22c1a1b29152504e903a81;js/fileinput/locales/LANG.js
22cf5a06035d5715c335c70324b14c25;js/fileinput/locales/ar.js
19d480ea81e975cdbbaaca5d66cc2844;js/fileinput/locales/az.js
c2623d11edcbd04d5f3d04876a5e4610;js/fileinput/locales/bg.js
b23a8dded2f81bb919766340b4428a04;js/fileinput/locales/ca.js
2e59e616bdc8c04121e7e9fbd127516c;js/fileinput/locales/cr.js
2180f578722e40fdcb66c2facebf37d1;js/fileinput/locales/cs.js
9af2f6a91c31411f87059ce92148c196;js/fileinput/locales/da.js
71b88b31a9c29b684b84bf6fb2d81526;js/fileinput/locales/de.js
e27b6194eb652076c7e5755eb9a7a680;js/fileinput/locales/el.js
ca096187b2c6115c8963fa3da97c3fcc;js/fileinput/locales/es.js
8c8d25d91fd2860e9cf4f54af23dcd73;js/fileinput/locales/et.js
d1b1712996d391e0c639c653ef2ea82b;js/fileinput/locales/fa.js
85061be89393a8b6601dae471ceed480;js/fileinput/locales/fi.js
35b1fdcfd04bbf7ae17bed7c4aeb3133;js/fileinput/locales/fr.js
600d55f53fe855da732fcd8be035426b;js/fileinput/locales/gl.js
016d4450c73e432c4c71c96a7a58b8e7;js/fileinput/locales/he.js
05d5a141b70edcb2b4af156edc9e940d;js/fileinput/locales/hu.js
21abfcdb8901a02ccf42186a16f7c245;js/fileinput/locales/id.js
ddae01b883a6b6b3edf40a5977d40744;js/fileinput/locales/it.js
891b35c3330b556ad3b118b58be64f83;js/fileinput/locales/ja.js
70127722bd15e8ba514cbd299fb63acf;js/fileinput/locales/ka.js
6a1822a54a98252f6341692552837b31;js/fileinput/locales/kr.js
17221cf0c52ad54591ce9eb25cea404c;js/fileinput/locales/kz.js
d582c4e9e7c6b02d23bb58164a7714e4;js/fileinput/locales/lt.js
302d9d2595862d049cb474ad1fc17869;js/fileinput/locales/nl.js
3066202592afabdea7fd7dd0f2c680a9;js/fileinput/locales/no.js
71955e7ac27748d8f994a31968802d00;js/fileinput/locales/pl.js
338b28e805a46fd2bf2957cdc9e7d124;js/fileinput/locales/pt-BR.js
947fe93f8e5ae2d9f8e3e43a1505fdcd;js/fileinput/locales/pt.js
46a3e89e51ae190023ad7ce6317b7d41;js/fileinput/locales/ro.js
527bce217a4d8ba31080ba792f8fae75;js/fileinput/locales/ru.js
c63e019c9b88ed30ab47de3dec06ae69;js/fileinput/locales/sk.js
cc01358b4da2d3c8bd72090b77a8d263;js/fileinput/locales/sl.js
48e10ef41c918bbe43660047817fe8b2;js/fileinput/locales/sv.js
a73b5e55075c33857d400cddc0c6912c;js/fileinput/locales/th.js
f9c39a66c44fde82514e7e0022caebda;js/fileinput/locales/tr.js
5389b8d19120fc5ae13d7e6a951f7601;js/fileinput/locales/uk.js
577e8c719b7c8a487e409f6630d9ba4f;js/fileinput/locales/uz.js
8f47a72efa7a0417899132ce2bc48d1d;js/fileinput/locales/vi.js
162e888eeae1f534961435578acf8a8f;js/fileinput/locales/zh-TW.js
fdd52a0f796edd68de7f0643cec80448;js/fileinput/locales/zh.js
a2756b17ed1dd0e6ea84f57cb1b2cd52;js/fileinput/themes/explorer-fa/theme.css
295440c4cb1c27f540835b67b1de30c5;js/fileinput/themes/explorer-fa/theme.js
ca0ed05338b1bb180af3b91b3f702c7c;js/fileinput/themes/explorer-fa/theme.min.css
f9e99ac2fc6ae72a259208fe2f0aaa6f;js/fileinput/themes/explorer-fa/theme.min.js
6f7b97b41692d4f10b37e415162a14a0;js/fileinput/themes/explorer-fas/theme.css
24a5d1a78d92d87c49140f6db94f42ba;js/fileinput/themes/explorer-fas/theme.js
c14fe88a91daf8dca4dd00ff183ef3bb;js/fileinput/themes/explorer-fas/theme.min.css
440019f6ff16985148705c622598e387;js/fileinput/themes/explorer-fas/theme.min.js
7ee9ef6cecd9696f84f2be097e75799f;js/fileinput/themes/explorer/theme.css
888a7777cca4dd664d7d60ee22376185;js/fileinput/themes/explorer/theme.js
1631ec0fb4f4baf1d8b70056ec9f7f1a;js/fileinput/themes/explorer/theme.min.css
5d1ca82be27704bb80bed27522dddff4;js/fileinput/themes/explorer/theme.min.js
748f0bfd5bc1f3974349531535f7480f;js/fileinput/themes/fa/theme.js
43a02ebf299ee8aa61357f6b9d285fc4;js/fileinput/themes/fa/theme.min.js
d45de88ecc6662e8052e6a87cceb5135;js/fileinput/themes/fas/theme.js
5c51a7d552c018715145d0216c5fcb24;js/fileinput/themes/fas/theme.min.js
d797d476bb21b24404dd394c7e672e90;js/fileinput/themes/gly/theme.js
cc45040f39754445cec8df362c30c96d;js/fileinput/themes/gly/theme.min.js
3e43bac261ebd1e761af0b68d31c6662;js/global.js
b148b57cf09e1de98b446009c12b402b;js/jqcloud.js
2c872dbe60f4ba70fb85356113d8b35e;js/jquery-3.7.1.min.js
0cf3f8b677dcd27b6d46f4a56d65fdb2;js/jquery.nivo.slider.pack.js
c87c1d56a0f4c1f5736cf5e2e5288515;js/jquery.serialize-object.min.js
75417cde0b9b5e018ee2bd7139f5b20c;js/jtl.article.js
0ce0a9570bdf0f200fba28db81c8f0af;js/jtl.basket.js
5bfa3115f30ae14c4c7d52011fa3e8ab;js/jtl.evo.js
1bd6401b2ad74395cb87883572315011;js/jtl.io.js
b5292df3431ced16b033d8b198079f06;js/lazysizes.min.js
9cf0aaa6e99282079db746f4bf4a3aaf;js/nouislider.min.js
ca13e0c8eee04011dfa63c97cbaf90e3;js/parallax.min.js
9ad6e7dec5bf2a6b8fd7315122f80788;js/password/password.min.css
943864f979d280430b2160af98b296f2;js/password/password.min.js
442e476bf50e3da0cdae8c7bc1fa069d;js/password/passwordstrength.jpg
27ee51f6a3c39dcfb78df2237665b51b;js/popper.js
1022eaf388cc780bcfeb6456157adb7d;js/popper.min.js
489db4c1021ca6348f56e6fa80b728c1;js/popper.min.js.map
21792e16cd2b55c85bd56fc5b987ec02;js/slick-lightbox.js
1028e0e69e1e8e8d205333ac9b629958;js/slick-lightbox.min.js
e5c8ebae11d35481fd1aa2eba1758f3d;js/slick-lightbox.min.js.map
cfa5df7b7f60663caff9c1d682808d3e;js/slick.js
8e3ef73a2cb4f7e1999638ed75b72496;js/slick.min.js
3eeab10d587e34ebced5b8a1d2b63eaf;js/typeahead.bundle.js
d9b920f3adabf9c6f4992e3ee6d7a1e4;js/typeahead.bundle.min.js
21fe90eedcbaafb4ed529d78418d30bd;js/wow.min.js
5a27da04d54f92a5bae88fa229c26a87;layout/breadcrumb.tpl
1843ac79035d1b78d51ce747cb09edfd;layout/footer.tpl
59a625b39382ed510b02193f6f1a2e91;layout/header.tpl
efe6545c085b56986ef32146f7270682;layout/header_categories.tpl
2dfab9dfaee68d072c238df1eaa5025a;layout/header_logo.tpl
6368e6983e0312953b9efddde8d37ca7;layout/header_menu_single_row.tpl
12f7df18f4f5c6361280b7a4d4a77dd4;layout/header_nav_icons.tpl
a79915672d51a4431b50b9f021e0a741;layout/header_nav_search.tpl
6084b30e179abea33bcaf1346a6b72b7;layout/header_shop_nav_account.tpl
9a77e426d0811d3534907ec4406eab59;layout/header_shop_nav_compare.tpl
b62358e22a083d08206d394a450d4a6a;layout/header_shop_nav_wish.tpl
79f6ef1c98294e43d16c18dda9d3cf80;layout/header_top_bar.tpl
4d256136257f4b02f1a7f6d6409ece9b;layout/index.tpl
5554495ff74a225e743e88576e9a48fc;layout/modal_footer.tpl
53b85543afab133ba760dcfed54477b1;layout/modal_header.tpl
ef3325badbf653b10973f07a52a84270;locale/de-DE/base.mo
91ef10ec82795be1967d8bfe94b0d75b;locale/de-DE/base.po
6c6cbdc21dff19e923a4966086a06d67;locale/en-GB/base.mo
0263fdf17db20d2840f2fc3475826451;locale/en-GB/base.po
249cbf7bcf054328016ab610d01e1a3a;newsletter/index.tpl
37ae538e9b1a70f8ec7a2f0b253040c8;page/404.tpl
4c85252a9698d9952f1391ed60e47bbc;page/free_gift.tpl
b129fabd3c14186555c3bee8cffcba9c;page/index.tpl
e9c8dd7b79720a90181f60c28abdc787;page/livesearch.tpl
592b2c9935ea54da40c97606f16ce18c;page/manufacturers.tpl
451f00661464cd8c04b24856a1ec0bb7;page/newsletter_archive.tpl
c144e19f1f201da435f4aeb6e31b9132;page/shipping.tpl
d2cd64e7c4018d02e74a895f33f8ed60;page/sitemap.tpl
a338f41215a9c25b2be62b46e574cf6e;preview.png
03602157c9677e5a0ade2bdccedb3f15;productdetails/attributes.tpl
2fad410486f283626586c1a528ba9a7a;productdetails/availability_notification_form.tpl
7df0184de5b4b7c521ff915a922a20b9;productdetails/basket.tpl
47f4f5fdbc2f42f8f619455359199c46;productdetails/bundle.tpl
55eb75a9894a4c1cdd61d4c4507c5a8e;productdetails/config.tpl
64f0dc3083a200b437736800600bc1df;productdetails/config_container.tpl
009beb51a55af3a57cf6fff66deaa642;productdetails/config_item_description.tpl
c1bc91714db84356df1ac2212a1ae158;productdetails/config_options_gallery.tpl
997e91da313e64437364e8c55e048c87;productdetails/config_options_list.tpl
99e90fa253e4ce352d6bed09d3de86c8;productdetails/config_sidebar.tpl
03d9d1ccb107d86893d58af04fdb1be4;productdetails/config_summary.tpl
4d861a05e3fee3e9c993cdbd9d69be9b;productdetails/config_summary_old.tpl
99b9b489ca39c887eb9f4201cd7575b5;productdetails/details.tpl
ab681d5235b10d854a3fe5cfe5fb94cb;productdetails/download.tpl
f83b6ef4a7052d3dcc6f44dffe23f403;productdetails/image.tpl
9cb10e6a70e7b35d8027cb8b322d6d10;productdetails/index.tpl
81b3c1476147e75b4a9af9dcbd6be611;productdetails/matrix.tpl
362945a96ef1c2b9f26fba6f4b12b63a;productdetails/matrix_classic.tpl
189a54909819d167aa1fe32806ee71db;productdetails/matrix_list.tpl
f6f8d2fa3f7acea575fdc9d69d804bc8;productdetails/mediafile.tpl
2010cc660355adebced1498bbf3042f5;productdetails/mediafile_youtube_embed.tpl
96afaa954ee8103e8462666dc91e4144;productdetails/popups.tpl
a0ea1eb39d93cacd72508f0c977b46da;productdetails/price.tpl
73ddb7752008abb6f163ff6e12d1fe84;productdetails/price_history.tpl
9507737694a90fe2c8043136ec94d3a6;productdetails/product_images_modal.tpl
eaeeb317e40239bdf6342ddd55be7460;productdetails/pushed.tpl
0a7a84059f127b9c71599b7f9a61fd8c;productdetails/pushed_success.tpl
c6084cc1f9b7130bc16892506dede617;productdetails/question_on_item.tpl
e7ebc293683f19c4f3e52e6d1c4b8879;productdetails/rating.tpl
7e6cd8c4bbaede6d67dc6180455e21b6;productdetails/review_form.tpl
18bd94c527f69eafc3bbd87ec3387e29;productdetails/review_item.tpl
e94eae3ebb219674bce425611b97bc09;productdetails/reviews.tpl
ff1979cfeff7b0f60634d0ceeb5bfd0b;productdetails/stock.tpl
efec1d0c14e42b375237ed3167ef142a;productdetails/tabs.tpl
c5f71f14addce13624b478d4d859914a;productdetails/variation.tpl
d02b95f7701c100fe51866dbb5ff10c9;productdetails/variation_value.tpl
bc86c93a87fe66432eb28319d30c31c5;productdetails/warehouse.tpl
c15075a2b14e1068d445727b4ba7bd60;productlist/footer.tpl
00633df7282e78ee27bee1138cc259c0;productlist/header.tpl
edb8e34bef31c790eadc17142a4c3904;productlist/index.tpl
08d47654e3d5ba98bb36becb7295c8b3;productlist/item_box.tpl
2d818a6d5074ed2cf6494542003dd5db;productlist/item_delivery_status.tpl
a683373853c00502a388f85f679c5b51;productlist/item_details.tpl
2859ae383a3538adf902f4e8408c85a0;productlist/item_list.tpl
4c80452ef97a1ad1b5ad63c82a16fd70;productlist/item_slider.tpl
295a8236868362bf8e74011a20c525cf;productlist/layout_options.tpl
b3bf57c2557316055405e06712af1600;productlist/productlist_actions.tpl
f7f1033d5fe32e3567f25ed3362411ce;productlist/result_options.tpl
e9dc043297f957fa6de89a28c97de6e1;productlist/variation_gallery.tpl
7c0c833acedc36ce96d1a16118fd198a;register/form.tpl
b3f10eeed57434139ae22c60d5d75560;register/form/customer_account.tpl
1312f2666f39b5f901da736bb8f50d0e;register/form/customer_login.tpl
d6a8d425fdfba43d6fc796047ad24fb7;register/index.tpl
d08907b062cf770bc23c0f6539ff1ca0;selectionwizard/form.tpl
915846487bc7d84857e38673a2b691e7;selectionwizard/index.tpl
b674bad9354b23acfc0fae13f128607e;selectionwizard/question.tpl
ee50a975781167f458cf0f01b742d4b4;snippets/alert.tpl
9fad1def4031aa8840c0df14fe448406;snippets/alert_list.tpl
6eb9a254d5d070a8f62b29739c6a5ffd;snippets/author.tpl
0e53ba41300b44169f78b033c4dc3044;snippets/banner.tpl
38b7dec7d3dd76ab86a64e352fb39e80;snippets/categories_mega.tpl
5f139b685fc0b5b942f3cd3243acc402;snippets/categories_mega_recursive.tpl
5fd3b67d5836d9a67b66d679446f713b;snippets/categories_offcanvas.tpl
ca66592cb399b581db50b1d68350e59e;snippets/categories_recursive.tpl
618a329561459f2a4a08a307c3ff0973;snippets/checkbox.tpl
e36ccaba7e0faca626b84ca5644df812;snippets/comparelist_button.tpl
a835d91c2e0df655dd9491ab411396fc;snippets/comparelist_dropdown.tpl
ebeae62f2f43a5796fe042337a3aabf9;snippets/consent_manager.tpl
e13e5b1a32b7abfd63ed82d0acc5fdbe;snippets/currency_dropdown.tpl
f3e56b09a5996fe2fc1e28b8c5e96828;snippets/extension.tpl
6178f22c62cb071349dbff5b40b2e386;snippets/filter/active_filter.tpl
4a8ab1b05c0e000dba0d0cbab6afdba2;snippets/filter/characteristic.tpl
355205efd819f13a35042c40731e3e7f;snippets/filter/custom.tpl
0436a844ad6670283a958286d41a9ecb;snippets/filter/genericFilterItem.tpl
7baa72fac55cf52ea1ceffb61d84c3a5;snippets/filter/manufacturer.tpl
6b876cf585023a79dc3759416b491b31;snippets/filter/mobile.tpl
13a495472e05790cecb06c0c92b5ea2a;snippets/filter/price_slider.tpl
7285ad7d01d8c53566daa6c25a3175c8;snippets/filter/search.tpl
759fd72b41d014211114cdee576f01ec;snippets/filter/search_in_items.tpl
e5c1518e0fb819cb2055b498277c2708;snippets/form_group_simple.tpl
5720df93f0b1cdeadc2641c1d5cc6891;snippets/image.tpl
89af835a5bde06f635865cfadb83ec9e;snippets/language_dropdown.tpl
cfc0e8905ff5139c901514ca7bf86d41;snippets/linkgroup_list.tpl
e968dcd7bc5913aee52623c25ec4a026;snippets/linkgroup_recursive.tpl
b4912a1fdcc396b693de260ad0c6fc25;snippets/maintenance.tpl
fc4027338d23550537c7a898924a61bf;snippets/newscategories_recursive.tpl
5edcf88b2566593e694bc8041900fde2;snippets/notification.tpl
d07ccc1970d9f6ca4e421b0480eab477;snippets/pagination.tpl
00a331d8e784d9df0da4c1e63c5f8d96;snippets/password_check.tpl
ba70ce838226e8ba42fe4ae0376f8cdf;snippets/product_slider.tpl
4a221d68e3da7382caa55910491f1162;snippets/productlist_page_nav.tpl
ab61b54a3d833fde81430ec623184e81;snippets/ribbon.tpl
6ed677f29d3b9a4ba0ce2d5668280ea2;snippets/scroll_top.tpl
ceb672bd528d73ba255c831a023d888a;snippets/search_form.tpl
e41eda62e5be121b7687e1d0820b405d;snippets/shipping_calculator.tpl
87d900725bc54234b5eb0de1c0218fe0;snippets/shipping_tax_info.tpl
7e50a41fbb0ba783a98e6baf9d480b33;snippets/simple_captcha.tpl
1d75f1f84139fa35c9e547c743c39d4a;snippets/slider.tpl
08bfa9663fac87e097c241b1eecff341;snippets/slider_items.tpl
619e9094cf5de28b197535988c127b9f;snippets/stock_status.tpl
d27084966aa6fa63bbf18ae44a8f7980;snippets/suggestion.tpl
3e371fea8aac8c1386a4019ffa9d1f2f;snippets/two_fa_login.tpl
f997d57c35f94dceb4809620023d97eb;snippets/uploads.tpl
1fe4d9935d76fb83cd234258fcbe6365;snippets/video.tpl
65910120a591002481ff042afdfd5156;snippets/wishlist.tpl
1afe03a99bd2dd3f1dbd94f642efc080;snippets/wishlist_button.tpl
4a30845d7b325c7dbbd26400e2036720;snippets/wishlist_dropdown.tpl
f66bc9890d0cc5bd44eebed68f50a1f8;template.xml
33fe25bcea67528372649820a4e18956;themes/base/DataTables/datatables.min.css
adc21077aa1c2d9a540aa8e4b6fa4756;themes/base/bootstrap-select/bootstrap-select.scss
9a9ad62de9ec7c1ec202c8929edea23d;themes/base/bootstrap-select/variables.scss
7f15c07285e05503c611ef0acccc3a0a;themes/base/bootstrap/bootstrap-grid.css
8c11f4457523e751d11a9a6c8a2b743d;themes/base/bootstrap/bootstrap-grid.css.map
4023dfc1798995b59c101916edbbfba8;themes/base/bootstrap/bootstrap-grid.min.css
c3f699cc76024291cf5fee8dec8494bf;themes/base/bootstrap/bootstrap-grid.min.css.map
7983bfe65db642684f657bfc9fe604b5;themes/base/bootstrap/bootstrap-reboot.css
b10e6b5cf562a07bfd4fbda56b69b15b;themes/base/bootstrap/bootstrap-reboot.css.map
33b3c6f3c01e238004aab5af950ab3c6;themes/base/bootstrap/bootstrap-reboot.min.css
1102077370765539b3b5fc51bb83e92f;themes/base/bootstrap/bootstrap-reboot.min.css.map
9f04d5b58206aad1361ff760398b1b29;themes/base/bootstrap/bootstrap.css
0d823bba2f5d9508ea0d2fdb96e6009d;themes/base/bootstrap/bootstrap.css.map
a4b3f509e79c54a512b890d73235ef04;themes/base/bootstrap/bootstrap.min.css
3a7c84def086903a5c46ef754f50c5b8;themes/base/bootstrap/bootstrap.min.css.map
f3cea8d46257bf09f3f11390d10dee08;themes/base/bootstrap/scss/_alert.scss
ce84cd07128b49e5edfcdab05123e960;themes/base/bootstrap/scss/_badge.scss
593dae30ffab78067e0246600ae6112d;themes/base/bootstrap/scss/_breadcrumb.scss
aa313e235a305e61e181f81a853df629;themes/base/bootstrap/scss/_button-group.scss
a14555de3d652f322647d802782c8525;themes/base/bootstrap/scss/_buttons.scss
f0880bb93e3d1608efd91b6130cdc065;themes/base/bootstrap/scss/_card.scss
a0ab7731b492a38303fdf625d18ac325;themes/base/bootstrap/scss/_carousel.scss
51dbb30057470076825034eeafba90e3;themes/base/bootstrap/scss/_close.scss
498c7818162f2b57176558feaac02c31;themes/base/bootstrap/scss/_code.scss
3927706148b6b2aabad914364cd61133;themes/base/bootstrap/scss/_custom-forms.scss
004fc619373edc79779cec6a48efc606;themes/base/bootstrap/scss/_dropdown.scss
bb9293737788f9ec19803b528f785f44;themes/base/bootstrap/scss/_forms.scss
d75a92d54893e69df4a1bc7af539afc0;themes/base/bootstrap/scss/_functions.scss
0737b1e79491e9605a0e0186549a1249;themes/base/bootstrap/scss/_grid.scss
218dcc5eaa6e67eb43f8c6d629eef3fc;themes/base/bootstrap/scss/_images.scss
fe89d4fe198f08c4f92966f0dfa29073;themes/base/bootstrap/scss/_input-group.scss
469e50b5e8a404a65ad66d3783f38c01;themes/base/bootstrap/scss/_jumbotron.scss
0d46407205e4bbc98417414f6dfdb3da;themes/base/bootstrap/scss/_list-group.scss
d2ea169e5ccb567ff12e945885a90fa6;themes/base/bootstrap/scss/_media.scss
3123d0b4c5feba595c28c84f0436cb4e;themes/base/bootstrap/scss/_mixins.scss
a9fc9a5d57dd08c15cadafbb71a82f65;themes/base/bootstrap/scss/_modal.scss
951702c40a390afdef9498f5fdf6e164;themes/base/bootstrap/scss/_nav.scss
97597340c889cb970b52c4d533dd5052;themes/base/bootstrap/scss/_navbar.scss
3981c7395c92f07cc44f3815d39cd9fb;themes/base/bootstrap/scss/_pagination.scss
49fd98c83cf11f91e59968ee9504f1f5;themes/base/bootstrap/scss/_popover.scss
f9561e96ac21a84bbfacccbc01e7e94a;themes/base/bootstrap/scss/_print.scss
68b581cd74e56680eb7fe57288ed7fb7;themes/base/bootstrap/scss/_progress.scss
1ad6498abb2ac34ff55b819f0227f715;themes/base/bootstrap/scss/_reboot.scss
111c0270ee49008df62a2e9ba0078f01;themes/base/bootstrap/scss/_root.scss
3915d81c9395c433112ecef9ae078f71;themes/base/bootstrap/scss/_spinners.scss
ec7f2a3120db952b694dd0e9f871419c;themes/base/bootstrap/scss/_tables.scss
e41c135b11357c79b57b7bb68f98bfb0;themes/base/bootstrap/scss/_toasts.scss
5d57c5d99a000fac65e92d9858034856;themes/base/bootstrap/scss/_tooltip.scss
ca75b0a799d5fb5aa864fb94ed40ea9b;themes/base/bootstrap/scss/_transitions.scss
9762358542b2fd82891cd92ed6dcd6ca;themes/base/bootstrap/scss/_type.scss
413e7a2eee667aadfd121c6bc426ada7;themes/base/bootstrap/scss/_utilities.scss
545e12baff87b19d6018a3f4dfb85034;themes/base/bootstrap/scss/_variables.scss
6dd5b20e18a951906609822593f5e2d0;themes/base/bootstrap/scss/bootstrap-grid.scss
44969642ff18255e12a35ac179ae728b;themes/base/bootstrap/scss/bootstrap-reboot.scss
c85db8722521d388e726a388113e14d0;themes/base/bootstrap/scss/bootstrap.scss
2bed73c51e646a7d2e30f05d02864101;themes/base/bootstrap/scss/mixins/_alert.scss
c616ce854b35a5b1ab1bff80818e112c;themes/base/bootstrap/scss/mixins/_background-variant.scss
9245d772f26fa773f3f1cfcc57c3b46c;themes/base/bootstrap/scss/mixins/_badge.scss
b1fe7aa86dc0fc007ce01a2b7f2916d2;themes/base/bootstrap/scss/mixins/_border-radius.scss
e50901e86d7f225f22a5f088e8726276;themes/base/bootstrap/scss/mixins/_box-shadow.scss
9a14819fe9ca5e92c4b264126c626947;themes/base/bootstrap/scss/mixins/_breakpoints.scss
0d1d3c2ef8c450663b671ebe2e7c172a;themes/base/bootstrap/scss/mixins/_buttons.scss
fc2f3d41523c58e8c50d02d58c182751;themes/base/bootstrap/scss/mixins/_caret.scss
f8d39651a1054cf73e1d56ad398c0af0;themes/base/bootstrap/scss/mixins/_clearfix.scss
19856441739526899f902c884f3d2b58;themes/base/bootstrap/scss/mixins/_deprecate.scss
87899ae33449eea6ce1d4bc0aabace07;themes/base/bootstrap/scss/mixins/_float.scss
cf45c43ecd1edeb3163115de6c6ebbd7;themes/base/bootstrap/scss/mixins/_forms.scss
0f44c939a3f29492ccc0cbd62499f940;themes/base/bootstrap/scss/mixins/_gradients.scss
d8b65a6bd2d9038fd0ae007731dcb968;themes/base/bootstrap/scss/mixins/_grid-framework.scss
e69b8f35ff14645a690c1638c4417514;themes/base/bootstrap/scss/mixins/_grid.scss
60a4287f9d84cfb0ffbd73beb5dee528;themes/base/bootstrap/scss/mixins/_hover.scss
a9ffbfa74b3977d0f0ec60d26d83e2ad;themes/base/bootstrap/scss/mixins/_image.scss
d3000f3208a4f7f91a2336bfc729c131;themes/base/bootstrap/scss/mixins/_list-group.scss
deb8df605dc4faaf23c52f20948be296;themes/base/bootstrap/scss/mixins/_lists.scss
24720d5c00af52ebe44bcc3b2b66a9b9;themes/base/bootstrap/scss/mixins/_nav-divider.scss
89f0d99dff6d6c54feab5056360f4186;themes/base/bootstrap/scss/mixins/_pagination.scss
568798f2f104a63253d3a7f5c2583bfd;themes/base/bootstrap/scss/mixins/_reset-text.scss
af032cea5fd5e37d9a5a8b971e290ff4;themes/base/bootstrap/scss/mixins/_resize.scss
ecf79552908b3f1e5c42f37b2c6b3e12;themes/base/bootstrap/scss/mixins/_screen-reader.scss
07e14cdbaee0d59ce17c0b0b35542db3;themes/base/bootstrap/scss/mixins/_size.scss
2fc9394e48aa92ee1059c219fa5407f1;themes/base/bootstrap/scss/mixins/_table-row.scss
47485aaa1da5e72c134628854be72aa1;themes/base/bootstrap/scss/mixins/_text-emphasis.scss
7a8f34427d0be33beacfdff8532dd5df;themes/base/bootstrap/scss/mixins/_text-hide.scss
c51a1018bf42368c45eb12d6ac16f938;themes/base/bootstrap/scss/mixins/_text-truncate.scss
c079e56eb3f2960b3cb0b4fe4360e3af;themes/base/bootstrap/scss/mixins/_transition.scss
3d3bc176127e434b66ffc633db0a4cb9;themes/base/bootstrap/scss/mixins/_visibility.scss
2d85a42f5904cead7a9371485c63dce5;themes/base/bootstrap/scss/utilities/_align.scss
73dbbd77bc941f159b25726aed86c987;themes/base/bootstrap/scss/utilities/_background.scss
14aedc8584c94e4231e96d9dc927afdc;themes/base/bootstrap/scss/utilities/_borders.scss
01ed6cc705196c6f0fe33300de134ee7;themes/base/bootstrap/scss/utilities/_clearfix.scss
8af96c91de4e92e373a40d5f9b87cd91;themes/base/bootstrap/scss/utilities/_display.scss
1c78e1a002da525341721756f81c4ee1;themes/base/bootstrap/scss/utilities/_embed.scss
6a75ca706305a0a90e6c2d8d9f0ea162;themes/base/bootstrap/scss/utilities/_flex.scss
caa8e0a1ce2bab5af0c96dfbefe3dd9b;themes/base/bootstrap/scss/utilities/_float.scss
884dc37842449baa62e4d04cde52c2b3;themes/base/bootstrap/scss/utilities/_interactions.scss
db617c241dbced8683a23c0428717633;themes/base/bootstrap/scss/utilities/_overflow.scss
0ca5a3796af56ce5a9eb8997463e41a9;themes/base/bootstrap/scss/utilities/_position.scss
84c388e27d908d2489d1724f464cdc71;themes/base/bootstrap/scss/utilities/_screenreaders.scss
8d38293481d07336b8811782205e50c8;themes/base/bootstrap/scss/utilities/_shadows.scss
3e7cdb7eadea66c9cd46d6b268da6576;themes/base/bootstrap/scss/utilities/_sizing.scss
67455ff29fd9c079181dd0faf66c25ce;themes/base/bootstrap/scss/utilities/_spacing.scss
26d1a1fb32d45482e8703e17dce77065;themes/base/bootstrap/scss/utilities/_stretched-link.scss
83111d83a3ba26189f0bd58c6f6088f0;themes/base/bootstrap/scss/utilities/_text.scss
545510f15dee6de8164d514fcfe1ab52;themes/base/bootstrap/scss/utilities/_visibility.scss
15d8a3bf86425608d0732e28f24de35c;themes/base/bootstrap/scss/vendor/_rfs.scss
fb84ad8b37de08249a983c6a2a5addf3;themes/base/consent/_banner.scss
9561e5ea99db88ef568cf5d5a3915471;themes/base/consent/_base.scss
0ac364448a6653691383510a8fdce4b4;themes/base/consent/_components.scss
4d997ac9433c2dbe3bb9a26d73f78bc3;themes/base/consent/_functions.scss
c013ebea7ae91ee495f3ab05b0020819;themes/base/consent/_mixins.scss
657a84bbf26487a763e84562030d8897;themes/base/consent/_settings.scss
d1c4f041486b335f30475a603f7a90ed;themes/base/consent/_utilities.scss
8af5eb012b87e8a0837195bc54e4eebf;themes/base/consent/_variables.scss
ac387551c68dacc784f9d4e8619f8de8;themes/base/consent/components/_buttons.scss
97b77ecec95a21190dbe0aed7daeab79;themes/base/consent/components/_forms.scss
1960a9fea6d1f60bc62df6bab4466ad8;themes/base/consent/components/_modals.scss
3a7e9ac23b3208768f0e4a5343305c6d;themes/base/consent/consent.scss
1a4254b35520f050a0b2a69b43fd1382;themes/base/fileinput/fileinput.min.scss
ecd507b3125edc4d2a03aa6ae5d07da9;themes/base/fontawesome/css/all.min.css
a7e00e299e893e13566f27e02c9a851e;themes/base/fontawesome/metadata/categories.yml
ffa1e0ceade462dde3c359dc2cfd34de;themes/base/fontawesome/metadata/gen_metadata.php
a8828fc02e284b7ca896a515af0ad193;themes/base/fontawesome/metadata/icons.json
8954781414424ad95197e34d5b87f8a3;themes/base/fontawesome/metadata/icons.php
b9e61f3f32457adf1b7e928d189b5fc5;themes/base/fontawesome/metadata/icons.yml
bfc4c4e5da2c9ce5e35b87c968d82c71;themes/base/fontawesome/metadata/shims.json
0751b5b3042aea96da318c860248fac5;themes/base/fontawesome/metadata/shims.yml
180c4edd41ba7e89791d8546300930ed;themes/base/fontawesome/metadata/sponsors.yml
992453b341bee5e9d63562bdf68bf5da;themes/base/fontawesome/scss/_animated.scss
7437104ba89f8110cf86ce53b8957f71;themes/base/fontawesome/scss/_bordered-pulled.scss
9061bcae24aff26604ed15c4698c2c93;themes/base/fontawesome/scss/_core.scss
07f828f9915da9b10bb8cd9e2d88864a;themes/base/fontawesome/scss/_fixed-width.scss
5da9b7cc5c8b46c4942a38967c90e970;themes/base/fontawesome/scss/_icons.scss
dd70b195f23b6aa62debdbaab018a75b;themes/base/fontawesome/scss/_larger.scss
07930141d534140cea5527018bdc726c;themes/base/fontawesome/scss/_list.scss
0afe8085c0595132fdbdb6d6742e225b;themes/base/fontawesome/scss/_mixins.scss
6e1bea010411d1f9eb845592299f2373;themes/base/fontawesome/scss/_rotated-flipped.scss
fa45b2d8ef7113ee7893ea60d7976e6c;themes/base/fontawesome/scss/_screen-reader.scss
fdfdc5df9072127c4b2098ad7aff62d7;themes/base/fontawesome/scss/_shims.scss
57a91421d33abf253865089a7d7ab8c6;themes/base/fontawesome/scss/_stacked.scss
a93a31f2578a8bb4c554c52a7ee1ee66;themes/base/fontawesome/scss/_variables.scss
b87506c73277a228e8cac6fb3853d4a8;themes/base/fontawesome/scss/brands.scss
e574afd746ed9a5d4ab3a257b03ebdf5;themes/base/fontawesome/scss/fontawesome.scss
3d8bc9e4412303f7567251d2f9df0146;themes/base/fontawesome/scss/regular.scss
9b86c451a2b853892c18889aace1f9d4;themes/base/fontawesome/scss/solid.scss
5b21d719e624b217e1e2cf608318dd53;themes/base/fontawesome/scss/v4-shims.scss
592643a83b8541edc52063d84c468700;themes/base/fontawesome/webfonts/fa-brands-400.eot
1d5619cd804367cefe6da2d79289218a;themes/base/fontawesome/webfonts/fa-brands-400.svg
513aa607d398efaccc559916c3431403;themes/base/fontawesome/webfonts/fa-brands-400.ttf
1a575a4138e5f366474f0e7c5bd614a5;themes/base/fontawesome/webfonts/fa-brands-400.woff
ed311c7a0ade9a75bb3ebf5a7670f31d;themes/base/fontawesome/webfonts/fa-brands-400.woff2
b0e2db3b634d1bc3928e127458d993d8;themes/base/fontawesome/webfonts/fa-regular-400.eot
c5d109be8edd3de0f60eb472bd9ef691;themes/base/fontawesome/webfonts/fa-regular-400.svg
766913e6c0088ab8c9f73e18b4127bc4;themes/base/fontawesome/webfonts/fa-regular-400.ttf
d1d7e3b4c219fde0f7376c6facfd7149;themes/base/fontawesome/webfonts/fa-regular-400.woff
b91d376b8d7646d671cd820950d5f7f1;themes/base/fontawesome/webfonts/fa-regular-400.woff2
0c6bfc668a72935760178f91327aed3a;themes/base/fontawesome/webfonts/fa-solid-900.eot
37bc7099f6f1ba80236164f22e905837;themes/base/fontawesome/webfonts/fa-solid-900.svg
b9625119ce4300f0ef890a8f3234c773;themes/base/fontawesome/webfonts/fa-solid-900.ttf
d745348d289b149026921f197929a893;themes/base/fontawesome/webfonts/fa-solid-900.woff
d824df7eb2e268626a2dd9a6a741ac4e;themes/base/fontawesome/webfonts/fa-solid-900.woff2
bbcd5bbb5993808a92df01a5dfef77cd;themes/base/fonts/montserrat/Montserrat-SemiBold.ttf
11fc71689da15c10498d83233c8cbb2e;themes/base/fonts/montserrat/Montserrat-SemiBold.woff2
9b5089e2084e7a0a80e3ea8ad870a260;themes/base/fonts/montserrat/Montserrat-SemiBoldItalic.ttf
ac4e1dce08c11e5ce48be38585107ba9;themes/base/fonts/montserrat/Montserrat-SemiBoldItalic.woff2
b5170b54aff412cfd0bed5aa23205738;themes/base/fonts/montserrat/OFL.txt
3b83ef96387f14655fc854ddc3c6bd57;themes/base/fonts/opensans/LICENSE.txt
7728dd9fbbce1c14cfbf8579d7a867a1;themes/base/fonts/opensans/open-sans-600.eot
e16f375be3c2a73b58255a02f6d3a9ce;themes/base/fonts/opensans/open-sans-600.svg
c062d7d188586db3c4cf61e1ae43b331;themes/base/fonts/opensans/open-sans-600.ttf
1cd5320f8937d337b61d5117cf9d7b28;themes/base/fonts/opensans/open-sans-600.woff
223a277bd88d8a90c8cdf24cda0ad5f5;themes/base/fonts/opensans/open-sans-600.woff2
148a6749baa5f658a45183ddb5ee159f;themes/base/fonts/opensans/open-sans-700.eot
2e00b2635b51ba336b4b67a5d0bc03c7;themes/base/fonts/opensans/open-sans-700.svg
7e08cc656863d52bcb5cd34805ac605b;themes/base/fonts/opensans/open-sans-700.ttf
623e3205570002af47fc2b88f9335d19;themes/base/fonts/opensans/open-sans-700.woff
d08c09f2f169f4a6edbcf8b8d1636cb4;themes/base/fonts/opensans/open-sans-700.woff2
9dce7f01715340861bdb57318e2f3fdc;themes/base/fonts/opensans/open-sans-regular.eot
7aab4c13671282c90669eb6a10357e41;themes/base/fonts/opensans/open-sans-regular.svg
c045b73d86803686f4cd1cc3f9ceba59;themes/base/fonts/opensans/open-sans-regular.ttf
bf2d0783515b7d75c35bde69e01b3135;themes/base/fonts/opensans/open-sans-regular.woff
cffb686d7d2f4682df8342bd4d276e09;themes/base/fonts/opensans/open-sans-regular.woff2
f6ea751e936ade6edcd03a26b8153b4a;themes/base/fonts/poppins/Poppins-Light.ttf
8b6af8e5e8324edfd77af8b3b35d7f9c;themes/base/fonts/poppins/Poppins-Regular.ttf
4cdacb8f89d588d69e8570edcbe49507;themes/base/fonts/poppins/Poppins-SemiBold.ttf
7802d8b27fcb19893ce6b38c0789268e;themes/base/fonts/raleway/Raleway-Bold.ttf
2ec8557460d3a2cd7340b16ac84fce32;themes/base/fonts/raleway/Raleway-Medium.ttf
75b4247fdd3b97d0e3b8e07b115673c2;themes/base/fonts/raleway/Raleway-Regular.ttf
f7788df7c040d1c0e607e79b34b815da;themes/base/images/backgrounds/background_arktis.jpg
a3e0eecd6cf2a49a365e4272f80be6ff;themes/base/images/backgrounds/background_berge.jpg
8fc823569fafda7f0a5fed7bca0bfb98;themes/base/images/backgrounds/background_buero.jpg
ee97ac37924be2665a869a93c9d327e1;themes/base/images/backgrounds/background_feld.jpg
1b576377fa232abfb286e26291153c26;themes/base/images/backgrounds/background_hoehle.jpg
14fe87ecc1d790e7ef9e69da82e0dd9e;themes/base/images/backgrounds/background_meer-1.jpg
6a8516d6e62da753c1f8951570b6a651;themes/base/images/backgrounds/background_meer-2.jpg
b6147b0dcc61653828bd1309120fdf43;themes/base/images/backgrounds/background_meer-3.jpg
2c42d229484f3d941563bc77bfc5b7e8;themes/base/images/backgrounds/background_sonnenuntergang-1.jpg
09477f0a6c757fce66c27cccbc119de5;themes/base/images/backgrounds/background_sonnenuntergang-2.jpg
ab4598ffb4b1d41fa76700a6daf143c6;themes/base/images/backgrounds/background_sterne.jpg
506ae62bd0db50edc2c7c086c82c21ce;themes/base/images/backgrounds/background_vulkan.jpg
e79a48f32aa528013a3e83a5928935c7;themes/base/images/backgrounds/background_wolken.jpg
e41450c8d5f9936a9c950351670e1bbe;themes/base/images/compare.svg
ee3b8dba70c65d7e4299028cfb52d6f7;themes/base/images/delete.svg
9dff1dd0e43c0b0aebcc93ca0556d3e9;themes/base/images/icon_cart.svg
3581c0eb3ee417ea21b4127064b9ad89;themes/base/images/icon_heart.svg
e4e97f39b00be40447d030c059a0ef83;themes/base/images/icon_list.svg
daa67a997edda995ecb43bc488ccce58;themes/base/images/icon_user.svg
c1b41a2b293eddc4cab076625bd4c651;themes/base/images/jtl_white.png
7683add36a0c205a7d21745d15af141f;themes/base/images/loader.gif
e5ad074b7969cc386b387f08dba4fcec;themes/base/images/loading-sm.gif
13630905267b809161e71d0f8a0c017b;themes/base/images/loading.gif
875b25203b6b376054657c8880e092cb;themes/base/images/quickview.svg
f4fe5251f25ef2b625b1a53cd05e8f30;themes/base/images/search_icon.svg
a241c6fd6129be5b71e245173233a6eb;themes/base/images/showmore.svg
09b24f1a73b9eeb5cc62db7ec0b60bca;themes/base/images/slider/bar/arrows.png
acc66fce35a54d815a3aa3fd573cdd90;themes/base/images/slider/bar/bullets.png
dd6b7b0bf5c3af22499abc0a9ee1e1b2;themes/base/images/slider/bar/loading.gif
4d2ed50facf20fdc9206e65be96097d6;themes/base/images/slider/dark/arrows.png
208e649ac5a7e0daf2023e30d92f675e;themes/base/images/slider/dark/bullets.png
dd6b7b0bf5c3af22499abc0a9ee1e1b2;themes/base/images/slider/dark/loading.gif
09b24f1a73b9eeb5cc62db7ec0b60bca;themes/base/images/slider/default/arrows.png
acc66fce35a54d815a3aa3fd573cdd90;themes/base/images/slider/default/bullets.png
dd6b7b0bf5c3af22499abc0a9ee1e1b2;themes/base/images/slider/default/loading.gif
246c707d1243339b740fefe80a76fd00;themes/base/images/slider/light/arrows.png
8be81f8814c2ba9b2ab77264d3132aef;themes/base/images/slider/light/bullets.png
dd6b7b0bf5c3af22499abc0a9ee1e1b2;themes/base/images/slider/light/loading.gif
9551ff64098c45f6d3d005ad8bacdb85;themes/base/images/video/preview-alt.svg
a02e70aa0bc04bbd39039e1447d8eae2;themes/base/images/video/preview.svg
da9f2a0f436cf0352bffd6d791b62de5;themes/base/images/vote.svg
90925e4bf9461a7e5390b8268b9d2c4d;themes/base/images/wishlist.svg
9c515dc535774a0419afaab68e10afe9;themes/base/nouislider.min.css
8516c801df42efa4f940c53ef1a78572;themes/base/sass/_account.scss
71c1c4868e6910d77871918add0d17c1;themes/base/sass/_base.scss
1f86c23a30acaa01a2168c159597a841;themes/base/sass/_base_crit.scss
061e7e8957f3e62d16f633e9b0b88d08;themes/base/sass/_basket.scss
5773e789b4699d51e89fad67932fc97c;themes/base/sass/_checkout.scss
b7d36c79a826eb87e8a061b10070d426;themes/base/sass/_comparelist.scss
adbcd290b485736539940d7e972faf92;themes/base/sass/_contact.scss
ee53663e268bf58f39e41623e046977a;themes/base/sass/_fonts.scss
26c7fdf2133d49e7a1fbf684cdf2a423;themes/base/sass/_footer.scss
2998efa3fb38c13db8b26697c65cd3c4;themes/base/sass/_functions.scss
605ad3b64a4b832e7307420950c8694a;themes/base/sass/_header.scss
d720b92cad2158e36fa3b96cdd07dede;themes/base/sass/_mixins.scss
422f9e34cd3e1422cad7b6cfc49a4769;themes/base/sass/_newsletter.scss
050270d025ade4a65d029a52d5bed232;themes/base/sass/_productdetails.scss
24b99b77bfced0041f5c8c44d8ed49b4;themes/base/sass/_productlist.scss
d20a7d64efe19d3c798b8b3469a010bf;themes/base/sass/_register.scss
975ad9cd6c2018b55b2a0f0b50a2ae0d;themes/base/sass/_selectionwizard.scss
3c538b6d9b53b9cb0ea889ccda00a20a;themes/base/sass/_snippets.scss
0b039be85b152a5cf4d4009d10c16fcf;themes/base/sass/components/_badges.scss
fe16b38ba3efd9079f2b07c243ffa8ed;themes/base/sass/components/_banner.scss
6c8d64b933e0397355cbba2db90a1eb2;themes/base/sass/components/_boxes.scss
71f728879747e18489a7d988b3cca348;themes/base/sass/components/_breadcrumbs.scss
625e2ed050bb8242b36e814c6bddae35;themes/base/sass/components/_buttons.scss
a2dcf251a5c8f1f147b4d1702e4660c6;themes/base/sass/components/_cards.scss
086142fd027ba8bbbbb1c08a09b6e59c;themes/base/sass/components/_carousel.scss
67fe7f87d40219a05a0e045afc080309;themes/base/sass/components/_close.scss
3b067bb68c908ac35ae05f6fd54d72ed;themes/base/sass/components/_collapse.scss
40bfbdaa705cdaf2a42469c10620e4d1;themes/base/sass/components/_custom_forms.scss
4b39cd149dd738ea5f98dca77cedcc56;themes/base/sass/components/_dropdowns.scss
0b946c54f2feb75f8ea5bc5a9394d559;themes/base/sass/components/_figures.scss
b984bbedf35d1bd2db831d4611a5c866;themes/base/sass/components/_forms.scss
b1b96172f7d9471faff4d9da387946d1;themes/base/sass/components/_grid.scss
be9b586a4f9d627aa00e1449e8acd694;themes/base/sass/components/_icons.scss
a4aca8bfe91a02db08333889402eaa06;themes/base/sass/components/_lists.scss
f5d4589b5872b20795c91950179df0b7;themes/base/sass/components/_modals.scss
b9f9da0fd2903072b8b03a661f990de3;themes/base/sass/components/_navs.scss
c2d395ea875ebcef2a432da8c4fb317e;themes/base/sass/components/_newsbox.scss
b5b46bfbc5d033210ef2be82267a6929;themes/base/sass/components/_pagination.scss
4ac59db78ef7675e80b462d4ac47173b;themes/base/sass/components/_productbox.scss
a7a6d2e2cfc9201d26daaa3bc1767cd9;themes/base/sass/components/_ribbons.scss
1609cb0f4f79c7a08855b100a94ec56b;themes/base/sass/components/_scrolltop.scss
36399509d4fdd29c9f5c4eb4247aa35a;themes/base/sass/components/_slider.scss
97ef796072f9532ef265c692e7bd721c;themes/base/sass/components/_spinner.scss
a39113fde2fa6f8598bbdd732485d57d;themes/base/sass/components/_stepper.scss
90a6eef08c5140ddc35f6ed4d2da9745;themes/base/sass/components/_tables.scss
5ec4a27f790f182e17151dd4508d1246;themes/base/sass/components/_tabs.scss
1a42d2b41e96e64b781e0476b1ac7722;themes/base/sass/components/_tooltip.scss
c30029d30f6d6a0d57cf395c70dc328c;themes/base/sass/components/_ui_slider.scss
70c46a571a2b5b70fbaa55a86d00bc78;themes/base/sass/components/all.scss
f3002a650bb7cba7217620b11e34cba4;themes/base/sass/utilities/_all.scss
bf7a92434795e492817cc5f6758a8a6a;themes/base/sass/utilities/_borders.scss
7c10e1d4e6630b662f5ad1749488a1b9;themes/base/sass/utilities/_print.scss
874597b6ba04b1289ca49d4c173f6638;themes/base/sass/utilities/_sizing.scss
fd1f84fccb0ad470f704f08bc5161122;themes/base/sass/utilities/_text.scss
9a3e18c512455f06d83ee42dfd57b56c;themes/base/sass/utilities/_zindex.scss
1e00bdb026c7f7808a8572c1d7cc94cf;themes/base/slick/slick-lightbox.css
0102f46374d9b263d458b23f702d2b64;themes/base/slick/slick.scss
af87eb068aa339307dc660d2cc93c8da;themes/base/slider/slider.css
7da1b41592f039eecd65d604482c10e1;themes/base/wow/animate.css
0bdb9346462a3d03ba29b17ea93fea17;themes/blackline/blackline.css
cdc7a98554b0130b339f93012232dcc6;themes/blackline/blackline.css.map
f8d9c997fd05c9810762cc13642cae4d;themes/blackline/blackline_crit.css
cdfba4b55e047003f93c97d7bb92d091;themes/blackline/blackline_crit.css.map
8274b73a448ba9aca21c88799a4419d4;themes/blackline/sass/.sass-cache/0be3d7b7b9b88d4ec003508f474d6cadf5040c70/blackline.scssc
d203d198583f49a901317e462b2474f1;themes/blackline/sass/_allstyles.scss
f3cec4f5dfb7a5d62fa042e2bdc9d606;themes/blackline/sass/_variables.scss
0361002ca4e6eb07c32673b825b90f1c;themes/blackline/sass/blackline.scss
6b24026e5f4bf145aa56b7ea97d407ff;themes/blackline/sass/blackline_crit.scss
bbaec0c88c83450a093195bfe16021c3;themes/clear/clear.css
ec9a88398efb9a17ff7c237db6f77205;themes/clear/clear.css.map
31bc6d3160e48c2b6390ecdc0114dea9;themes/clear/clear_crit.css
4c8d15bd15382be2d19f72980a2531ca;themes/clear/clear_crit.css.map
6e98cc8bd719602250a4cfc500365486;themes/clear/sass/.sass-cache/957df4a96633951deb2cfbd54716b70eb380dc54/clear.scssc
5ef0572f43da6a6110a6becf3b136f77;themes/clear/sass/_allstyles.scss
7fb6892a4fc9ef6a84eb34553d859586;themes/clear/sass/_variables.scss
c2ef0be8e211385113f8d7c1937dcc8e;themes/clear/sass/clear.scss
585dfeafca9453894a9443216673c7d5;themes/clear/sass/clear_crit.scss
ecbf3218c0eabfa413b81298f788ac69;themes/midnight/midnight.css
4e00fb0b552075aa2a002bdf25480139;themes/midnight/midnight.css.map
e6163f77b68a10e07d9eb1a2cff0bdcb;themes/midnight/midnight_crit.css
9e58b8d7aaf63fdec77fd56fe161a42c;themes/midnight/midnight_crit.css.map
95f7bc7542ea090b74e5683d053e2ee3;themes/midnight/sass/.sass-cache/5966fedc3079959a71cd54f9c1ee52ef73ae07be/midnight.scssc
5ef0572f43da6a6110a6becf3b136f77;themes/midnight/sass/_allstyles.scss
c00c237ac434a005e6372dbf805d2772;themes/midnight/sass/_variables.scss
4c058e1f35516a6acd1a81d36fcb9955;themes/midnight/sass/midnight.scss
d08b201e52d73eabf16811e4b44c75c1;themes/midnight/sass/midnight_crit.scss
